{
  "通用分页查询" : {
    "transaction" : "通用分页查询",
    "sampleCount" : 5000,
    "errorCount" : 0,
    "errorPct" : 0.0,
    "meanResTime" : 1993.4757999999983,
    "medianResTime" : 1832.0,
    "minResTime" : 174.0,
    "maxResTime" : 6870.0,
    "pct1ResTime" : 2749.9000000000005,
    "pct2ResTime" : 3303.8499999999995,
    "pct3ResTime" : 4145.6099999999915,
    "throughput" : 12.619060839016116,
    "receivedKBytesPerSec" : 51.59369816326415,
    "sentKBytesPerSec" : 2.600216637726954
  },
  "创建源账户" : {
    "transaction" : "创建源账户",
    "sampleCount" : 1,
    "errorCount" : 1,
    "errorPct" : 100.0,
    "meanResTime" : 985.0,
    "medianResTime" : 985.0,
    "minResTime" : 985.0,
    "maxResTime" : 985.0,
    "pct1ResTime" : 985.0,
    "pct2ResTime" : 985.0,
    "pct3ResTime" : 985.0,
    "throughput" : 1.0152284263959392,
    "receivedKBytesPerSec" : 0.15367227157360405,
    "sentKBytesPerSec" : 0.25678140862944165
  },
  "查询单个交易" : {
    "transaction" : "查询单个交易",
    "sampleCount" : 3000,
    "errorCount" : 0,
    "errorPct" : 0.0,
    "meanResTime" : 197.1473333333333,
    "medianResTime" : 4.0,
    "minResTime" : 1.0,
    "maxResTime" : 5462.0,
    "pct1ResTime" : 36.90000000000009,
    "pct2ResTime" : 2462.499999999998,
    "pct3ResTime" : 3601.99,
    "throughput" : 87.68596732236284,
    "receivedKBytesPerSec" : 46.1301830627247,
    "sentKBytesPerSec" : 17.383057975038728
  },
  "Total" : {
    "transaction" : "Total",
    "sampleCount" : 19002,
    "errorCount" : 2,
    "errorPct" : 0.010525208,
    "meanResTime" : 1646.020208399109,
    "medianResTime" : 1697.0,
    "minResTime" : 1.0,
    "maxResTime" : 8173.0,
    "pct1ResTime" : 2562.4000000000015,
    "pct2ResTime" : 3075.8499999999985,
    "pct3ResTime" : 3930.9100000000035,
    "throughput" : 47.94404761604392,
    "receivedKBytesPerSec" : 115.15266728898008,
    "sentKBytesPerSec" : 11.167986165340354
  },
  "创建目标账户" : {
    "transaction" : "创建目标账户",
    "sampleCount" : 1,
    "errorCount" : 1,
    "errorPct" : 100.0,
    "meanResTime" : 857.0,
    "medianResTime" : 857.0,
    "minResTime" : 857.0,
    "maxResTime" : 857.0,
    "pct1ResTime" : 857.0,
    "pct2ResTime" : 857.0,
    "pct3ResTime" : 857.0,
    "throughput" : 1.1668611435239205,
    "receivedKBytesPerSec" : 0.17662448949824971,
    "sentKBytesPerSec" : 0.29399431155192535
  },
  "账户分页查询" : {
    "transaction" : "账户分页查询",
    "sampleCount" : 5000,
    "errorCount" : 0,
    "errorPct" : 0.0,
    "meanResTime" : 1901.0038000000013,
    "medianResTime" : 1748.0,
    "minResTime" : 110.0,
    "maxResTime" : 6388.0,
    "pct1ResTime" : 2647.6000000000076,
    "pct2ResTime" : 3099.399999999998,
    "pct3ResTime" : 3889.909999999998,
    "throughput" : 12.66287624571045,
    "receivedKBytesPerSec" : 51.773890890326825,
    "sentKBytesPerSec" : 2.8194685390839673
  },
  "创建交易" : {
    "transaction" : "创建交易",
    "sampleCount" : 6000,
    "errorCount" : 0,
    "errorPct" : 0.0,
    "meanResTime" : 1868.6656666666652,
    "medianResTime" : 1711.0,
    "minResTime" : 78.0,
    "maxResTime" : 8173.0,
    "pct1ResTime" : 2576.9000000000005,
    "pct2ResTime" : 3096.0,
    "pct3ResTime" : 3900.8799999999974,
    "throughput" : 15.61889886762983,
    "receivedKBytesPerSec" : 8.264385453273462,
    "sentKBytesPerSec" : 4.39281530652089
  }
}