{
  "通用分页查询" : {
    "transaction" : "通用分页查询",
    "sampleCount" : 1000,
    "errorCount" : 0,
    "errorPct" : 0.0,
    "meanResTime" : 1320.3610000000015,
    "medianResTime" : 1261.5,
    "minResTime" : 177.0,
    "maxResTime" : 3736.0,
    "pct1ResTime" : 1754.0,
    "pct2ResTime" : 1990.7499999999995,
    "pct3ResTime" : 2841.88,
    "throughput" : 7.5669867502062,
    "receivedKBytesPerSec" : 30.171977804609053,
    "sentKBytesPerSec" : 1.5592130901303793
  },
  "创建源账户" : {
    "transaction" : "创建源账户",
    "sampleCount" : 1,
    "errorCount" : 0,
    "errorPct" : 0.0,
    "meanResTime" : 2008.0,
    "medianResTime" : 2008.0,
    "minResTime" : 2008.0,
    "maxResTime" : 2008.0,
    "pct1ResTime" : 2008.0,
    "pct2ResTime" : 2008.0,
    "pct3ResTime" : 2008.0,
    "throughput" : 0.49800796812749004,
    "receivedKBytesPerSec" : 0.16146352091633467,
    "sentKBytesPerSec" : 0.125960999750996
  },
  "Total" : {
    "transaction" : "Total",
    "sampleCount" : 7002,
    "errorCount" : 68,
    "errorPct" : 0.9711511,
    "meanResTime" : 1254.060411311055,
    "medianResTime" : 1208.0,
    "minResTime" : 30.0,
    "maxResTime" : 3736.0,
    "pct1ResTime" : 1691.6999999999998,
    "pct2ResTime" : 1880.0,
    "pct3ResTime" : 2668.7300000000023,
    "throughput" : 52.93677374481179,
    "receivedKBytesPerSec" : 80.28637849802679,
    "sentKBytesPerSec" : 13.876555105143986
  },
  "创建目标账户" : {
    "transaction" : "创建目标账户",
    "sampleCount" : 1,
    "errorCount" : 0,
    "errorPct" : 0.0,
    "meanResTime" : 334.0,
    "medianResTime" : 334.0,
    "minResTime" : 334.0,
    "maxResTime" : 334.0,
    "pct1ResTime" : 334.0,
    "pct2ResTime" : 334.0,
    "pct3ResTime" : 334.0,
    "throughput" : 2.9940119760479043,
    "receivedKBytesPerSec" : 0.9677909805389221,
    "sentKBytesPerSec" : 0.7543506736526946
  },
  "账户分页查询" : {
    "transaction" : "账户分页查询",
    "sampleCount" : 1000,
    "errorCount" : 0,
    "errorPct" : 0.0,
    "meanResTime" : 1221.1339999999996,
    "medianResTime" : 1172.0,
    "minResTime" : 30.0,
    "maxResTime" : 3257.0,
    "pct1ResTime" : 1642.8,
    "pct2ResTime" : 1870.299999999999,
    "pct3ResTime" : 2822.86,
    "throughput" : 7.632946851791071,
    "receivedKBytesPerSec" : 30.629591992752516,
    "sentKBytesPerSec" : 1.6995233224691058
  },
  "创建交易" : {
    "transaction" : "创建交易",
    "sampleCount" : 5000,
    "errorCount" : 68,
    "errorPct" : 1.36,
    "meanResTime" : 1247.4188000000038,
    "medianResTime" : 1205.0,
    "minResTime" : 46.0,
    "maxResTime" : 3415.0,
    "pct1ResTime" : 1689.0,
    "pct2ResTime" : 1860.8999999999996,
    "pct3ResTime" : 2628.9799999999996,
    "throughput" : 37.80661162024015,
    "receivedKBytesPerSec" : 19.801449127423403,
    "sentKBytesPerSec" : 10.63310951819254
  }
}