{
  "通用分页查询" : {
    "transaction" : "通用分页查询",
    "sampleCount" : 5000,
    "errorCount" : 0,
    "errorPct" : 0.0,
    "meanResTime" : 1731.5888000000027,
    "medianResTime" : 1695.0,
    "minResTime" : 46.0,
    "maxResTime" : 3813.0,
    "pct1ResTime" : 2205.0,
    "pct2ResTime" : 2432.0,
    "pct3ResTime" : 3010.9199999999983,
    "throughput" : 14.687738675753481,
    "receivedKBytesPerSec" : 59.05787393605693,
    "sentKBytesPerSec" : 3.0264774029140473
  },
  "创建源账户" : {
    "transaction" : "创建源账户",
    "sampleCount" : 1,
    "errorCount" : 0,
    "errorPct" : 0.0,
    "meanResTime" : 870.0,
    "medianResTime" : 870.0,
    "minResTime" : 870.0,
    "maxResTime" : 870.0,
    "pct1ResTime" : 870.0,
    "pct2ResTime" : 870.0,
    "pct3ResTime" : 870.0,
    "throughput" : 1.1494252873563218,
    "receivedKBytesPerSec" : 0.37266522988505746,
    "sentKBytesPerSec" : 0.2907237787356322
  },
  "Total" : {
    "transaction" : "Total",
    "sampleCount" : 15251,
    "errorCount" : 19,
    "errorPct" : 0.12458199,
    "meanResTime" : 1677.8474854107883,
    "medianResTime" : 1636.0,
    "minResTime" : 8.0,
    "maxResTime" : 4318.0,
    "pct1ResTime" : 2126.0,
    "pct2ResTime" : 2369.3999999999996,
    "pct3ResTime" : 2883.4799999999996,
    "throughput" : 44.78554270645515,
    "receivedKBytesPerSec" : 126.33697128535624,
    "sentKBytesPerSec" : 10.631363741395866
  },
  "创建目标账户" : {
    "transaction" : "创建目标账户",
    "sampleCount" : 1,
    "errorCount" : 0,
    "errorPct" : 0.0,
    "meanResTime" : 585.0,
    "medianResTime" : 585.0,
    "minResTime" : 585.0,
    "maxResTime" : 585.0,
    "pct1ResTime" : 585.0,
    "pct2ResTime" : 585.0,
    "pct3ResTime" : 585.0,
    "throughput" : 1.7094017094017093,
    "receivedKBytesPerSec" : 0.5525507478632479,
    "sentKBytesPerSec" : 0.4306891025641026
  },
  "账户分页查询" : {
    "transaction" : "账户分页查询",
    "sampleCount" : 5000,
    "errorCount" : 0,
    "errorPct" : 0.0,
    "meanResTime" : 1611.2860000000078,
    "medianResTime" : 1588.5,
    "minResTime" : 8.0,
    "maxResTime" : 4099.0,
    "pct1ResTime" : 2036.9000000000005,
    "pct2ResTime" : 2289.749999999999,
    "pct3ResTime" : 2793.9699999999993,
    "throughput" : 14.708867387793406,
    "receivedKBytesPerSec" : 59.270949701924806,
    "sentKBytesPerSec" : 3.2750212543133754
  },
  "创建交易" : {
    "transaction" : "创建交易",
    "sampleCount" : 5249,
    "errorCount" : 19,
    "errorPct" : 0.3619737,
    "meanResTime" : 1690.4216041150723,
    "medianResTime" : 1630.0,
    "minResTime" : 52.0,
    "maxResTime" : 4318.0,
    "pct1ResTime" : 2119.0,
    "pct2ResTime" : 2377.5,
    "pct3ResTime" : 2869.5,
    "throughput" : 17.4342520443479,
    "receivedKBytesPerSec" : 9.196649562275388,
    "sentKBytesPerSec" : 4.903383387472847
  }
}