{
  "Total" : {
    "transaction" : "Total",
    "sampleCount" : 5000,
    "errorCount" : 5000,
    "errorPct" : 100.0,
    "meanResTime" : 3.1098000000000035,
    "medianResTime" : 2.0,
    "minResTime" : 1.0,
    "maxResTime" : 256.0,
    "pct1ResTime" : 3.0,
    "pct2ResTime" : 5.0,
    "pct3ResTime" : 37.97999999999956,
    "throughput" : 508.64699898270607,
    "receivedKBytesPerSec" : 45.698753814852495,
    "sentKBytesPerSec" : 154.97838250254324
  },
  "创建交易" : {
    "transaction" : "创建交易",
    "sampleCount" : 5000,
    "errorCount" : 5000,
    "errorPct" : 100.0,
    "meanResTime" : 3.1098000000000035,
    "medianResTime" : 2.0,
    "minResTime" : 1.0,
    "maxResTime" : 256.0,
    "pct1ResTime" : 3.0,
    "pct2ResTime" : 5.0,
    "pct3ResTime" : 37.97999999999956,
    "throughput" : 508.64699898270607,
    "receivedKBytesPerSec" : 45.698753814852495,
    "sentKBytesPerSec" : 154.97838250254324
  }
}