{
  "创建源账户" : {
    "transaction" : "创建源账户",
    "sampleCount" : 1,
    "errorCount" : 0,
    "errorPct" : 0.0,
    "meanResTime" : 2019.0,
    "medianResTime" : 2019.0,
    "minResTime" : 2019.0,
    "maxResTime" : 2019.0,
    "pct1ResTime" : 2019.0,
    "pct2ResTime" : 2019.0,
    "pct3ResTime" : 2019.0,
    "throughput" : 0.49529470034670625,
    "receivedKBytesPerSec" : 0.16058382862803366,
    "sentKBytesPerSec" : 0.12527473377909856
  },
  "查询单个交易" : {
    "transaction" : "查询单个交易",
    "sampleCount" : 5000,
    "errorCount" : 5000,
    "errorPct" : 100.0,
    "meanResTime" : 9.99999999999998E-4,
    "medianResTime" : 0.0,
    "minResTime" : 0.0,
    "maxResTime" : 1.0,
    "pct1ResTime" : 0.0,
    "pct2ResTime" : 0.0,
    "pct3ResTime" : 0.0,
    "throughput" : 1070.4345964461572,
    "receivedKBytesPerSec" : 1169.7424935773925,
    "sentKBytesPerSec" : 0.0
  },
  "Total" : {
    "transaction" : "Total",
    "sampleCount" : 5003,
    "errorCount" : 5000,
    "errorPct" : 99.94003,
    "meanResTime" : 0.8239056566060374,
    "medianResTime" : 0.0,
    "minResTime" : 0.0,
    "maxResTime" : 2037.0,
    "pct1ResTime" : 0.0,
    "pct2ResTime" : 0.0,
    "pct3ResTime" : 0.0,
    "throughput" : 1071.0768572040247,
    "receivedKBytesPerSec" : 1169.9937948244487,
    "sentKBytesPerSec" : 0.168300751980304
  },
  "创建测试交易" : {
    "transaction" : "创建测试交易",
    "sampleCount" : 1,
    "errorCount" : 0,
    "errorPct" : 0.0,
    "meanResTime" : 2037.0,
    "medianResTime" : 2037.0,
    "minResTime" : 2037.0,
    "maxResTime" : 2037.0,
    "pct1ResTime" : 2037.0,
    "pct2ResTime" : 2037.0,
    "pct3ResTime" : 2037.0,
    "throughput" : 0.49091801669121254,
    "receivedKBytesPerSec" : 0.2584031357388316,
    "sentKBytesPerSec" : 0.13807069219440354
  },
  "创建目标账户" : {
    "transaction" : "创建目标账户",
    "sampleCount" : 1,
    "errorCount" : 0,
    "errorPct" : 0.0,
    "meanResTime" : 61.0,
    "medianResTime" : 61.0,
    "minResTime" : 61.0,
    "maxResTime" : 61.0,
    "pct1ResTime" : 61.0,
    "pct2ResTime" : 61.0,
    "pct3ResTime" : 61.0,
    "throughput" : 16.393442622950822,
    "receivedKBytesPerSec" : 5.299052254098361,
    "sentKBytesPerSec" : 4.130379098360656
  }
}