{
  "Total" : {
    "transaction" : "Total",
    "sampleCount" : 5000,
    "errorCount" : 5000,
    "errorPct" : 100.0,
    "meanResTime" : 4.783600000000015,
    "medianResTime" : 2.0,
    "minResTime" : 1.0,
    "maxResTime" : 326.0,
    "pct1ResTime" : 5.0,
    "pct2ResTime" : 9.0,
    "pct3ResTime" : 72.97999999999956,
    "throughput" : 512.1901249743905,
    "receivedKBytesPerSec" : 46.017081540667895,
    "sentKBytesPerSec" : 156.0579287031346
  },
  "创建交易" : {
    "transaction" : "创建交易",
    "sampleCount" : 5000,
    "errorCount" : 5000,
    "errorPct" : 100.0,
    "meanResTime" : 4.783600000000015,
    "medianResTime" : 2.0,
    "minResTime" : 1.0,
    "maxResTime" : 326.0,
    "pct1ResTime" : 5.0,
    "pct2ResTime" : 9.0,
    "pct3ResTime" : 72.97999999999956,
    "throughput" : 512.1901249743905,
    "receivedKBytesPerSec" : 46.017081540667895,
    "sentKBytesPerSec" : 156.0579287031346
  }
}