{
  "创建源账户" : {
    "transaction" : "创建源账户",
    "sampleCount" : 1,
    "errorCount" : 0,
    "errorPct" : 0.0,
    "meanResTime" : 1936.0,
    "medianResTime" : 1936.0,
    "minResTime" : 1936.0,
    "maxResTime" : 1936.0,
    "pct1ResTime" : 1936.0,
    "pct2ResTime" : 1936.0,
    "pct3ResTime" : 1936.0,
    "throughput" : 0.5165289256198348,
    "receivedKBytesPerSec" : 0.1674683626033058,
    "sentKBytesPerSec" : 0.13064549974173553
  },
  "Total" : {
    "transaction" : "Total",
    "sampleCount" : 5002,
    "errorCount" : 98,
    "errorPct" : 1.9592164,
    "meanResTime" : 924.5487804878045,
    "medianResTime" : 837.0,
    "minResTime" : 13.0,
    "maxResTime" : 5534.0,
    "pct1ResTime" : 1515.6999999999998,
    "pct2ResTime" : 1789.3999999999978,
    "pct3ResTime" : 2456.880000000001,
    "throughput" : 49.29487242660464,
    "receivedKBytesPerSec" : 25.703560777217135,
    "sentKBytesPerSec" : 13.863615050728779
  },
  "创建目标账户" : {
    "transaction" : "创建目标账户",
    "sampleCount" : 1,
    "errorCount" : 0,
    "errorPct" : 0.0,
    "meanResTime" : 237.0,
    "medianResTime" : 237.0,
    "minResTime" : 237.0,
    "maxResTime" : 237.0,
    "pct1ResTime" : 237.0,
    "pct2ResTime" : 237.0,
    "pct3ResTime" : 237.0,
    "throughput" : 4.219409282700422,
    "receivedKBytesPerSec" : 1.3638910864978904,
    "sentKBytesPerSec" : 1.0630933544303798
  },
  "创建交易" : {
    "transaction" : "创建交易",
    "sampleCount" : 5000,
    "errorCount" : 98,
    "errorPct" : 1.96,
    "meanResTime" : 924.4840000000039,
    "medianResTime" : 837.0,
    "minResTime" : 13.0,
    "maxResTime" : 5534.0,
    "pct1ResTime" : 1515.0,
    "pct2ResTime" : 1785.9499999999998,
    "pct3ResTime" : 2456.959999999999,
    "throughput" : 49.27516236165999,
    "receivedKBytesPerSec" : 25.697180028653506,
    "sentKBytesPerSec" : 13.858639414216869
  }
}