{
  "通用分页查询" : {
    "transaction" : "通用分页查询",
    "sampleCount" : 5000,
    "errorCount" : 4806,
    "errorPct" : 96.12,
    "meanResTime" : 146.69960000000026,
    "medianResTime" : 1.0,
    "minResTime" : 0.0,
    "maxResTime" : 5895.0,
    "pct1ResTime" : 66.80000000000109,
    "pct2ResTime" : 461.0,
    "pct3ResTime" : 3741.8899999999976,
    "throughput" : 156.97601406505086,
    "receivedKBytesPerSec" : 406.9666322954603,
    "sentKBytesPerSec" : 1.2550109686989828
  },
  "创建源账户" : {
    "transaction" : "创建源账户",
    "sampleCount" : 1,
    "errorCount" : 1,
    "errorPct" : 100.0,
    "meanResTime" : 753.0,
    "medianResTime" : 753.0,
    "minResTime" : 753.0,
    "maxResTime" : 753.0,
    "pct1ResTime" : 753.0,
    "pct2ResTime" : 753.0,
    "pct3ResTime" : 753.0,
    "throughput" : 1.3280212483399734,
    "receivedKBytesPerSec" : 0.20101884130146083,
    "sentKBytesPerSec" : 0.33589599933598935
  },
  "查询单个交易" : {
    "transaction" : "查询单个交易",
    "sampleCount" : 5000,
    "errorCount" : 5000,
    "errorPct" : 100.0,
    "meanResTime" : 0.057400000000000125,
    "medianResTime" : 0.0,
    "minResTime" : 0.0,
    "maxResTime" : 67.0,
    "pct1ResTime" : 0.0,
    "pct2ResTime" : 0.0,
    "pct3ResTime" : 1.0,
    "throughput" : 1014.6103896103896,
    "receivedKBytesPerSec" : 1111.7117745535713,
    "sentKBytesPerSec" : 0.0
  },
  "Total" : {
    "transaction" : "Total",
    "sampleCount" : 21002,
    "errorCount" : 20449,
    "errorPct" : 97.36692,
    "meanResTime" : 99.18993429197248,
    "medianResTime" : 1.0,
    "minResTime" : 0.0,
    "maxResTime" : 5895.0,
    "pct1ResTime" : 16.0,
    "pct2ResTime" : 254.95000000000073,
    "pct3ResTime" : 3322.0,
    "throughput" : 659.2999529116308,
    "receivedKBytesPerSec" : 1449.0233148740385,
    "sentKBytesPerSec" : 4.136878776879611
  },
  "创建目标账户" : {
    "transaction" : "创建目标账户",
    "sampleCount" : 1,
    "errorCount" : 1,
    "errorPct" : 100.0,
    "meanResTime" : 1690.0,
    "medianResTime" : 1690.0,
    "minResTime" : 1690.0,
    "maxResTime" : 1690.0,
    "pct1ResTime" : 1690.0,
    "pct2ResTime" : 1690.0,
    "pct3ResTime" : 1690.0,
    "throughput" : 0.591715976331361,
    "receivedKBytesPerSec" : 0.08956638313609468,
    "sentKBytesPerSec" : 0.14908468934911243
  },
  "账户分页查询" : {
    "transaction" : "账户分页查询",
    "sampleCount" : 5000,
    "errorCount" : 4835,
    "errorPct" : 96.7,
    "meanResTime" : 121.80299999999988,
    "medianResTime" : 1.0,
    "minResTime" : 0.0,
    "maxResTime" : 5776.0,
    "pct1ResTime" : 45.900000000000546,
    "pct2ResTime" : 361.89999999999964,
    "pct3ResTime" : 3360.869999999997,
    "throughput" : 167.74020397208804,
    "receivedKBytesPerSec" : 433.27085010735374,
    "sentKBytesPerSec" : 1.2324973580917875
  },
  "创建交易" : {
    "transaction" : "创建交易",
    "sampleCount" : 6000,
    "errorCount" : 5806,
    "errorPct" : 96.76667,
    "meanResTime" : 122.9906666666657,
    "medianResTime" : 1.0,
    "minResTime" : 0.0,
    "maxResTime" : 5559.0,
    "pct1ResTime" : 52.0,
    "pct2ResTime" : 366.9499999999998,
    "pct3ResTime" : 3390.949999999999,
    "throughput" : 188.57250612860645,
    "receivedKBytesPerSec" : 465.2140506651109,
    "sentKBytesPerSec" : 1.7148312276070148
  }
}