{
  "Total" : {
    "transaction" : "Total",
    "sampleCount" : 5000,
    "errorCount" : 5000,
    "errorPct" : 100.0,
    "meanResTime" : 3.221400000000003,
    "medianResTime" : 2.0,
    "minResTime" : 1.0,
    "maxResTime" : 252.0,
    "pct1ResTime" : 3.0,
    "pct2ResTime" : 5.0,
    "pct3ResTime" : 21.98999999999978,
    "throughput" : 511.77072671443193,
    "receivedKBytesPerSec" : 45.97940122824975,
    "sentKBytesPerSec" : 155.93014329580348
  },
  "创建交易" : {
    "transaction" : "创建交易",
    "sampleCount" : 5000,
    "errorCount" : 5000,
    "errorPct" : 100.0,
    "meanResTime" : 3.221400000000003,
    "medianResTime" : 2.0,
    "minResTime" : 1.0,
    "maxResTime" : 252.0,
    "pct1ResTime" : 3.0,
    "pct2ResTime" : 5.0,
    "pct3ResTime" : 21.98999999999978,
    "throughput" : 511.77072671443193,
    "receivedKBytesPerSec" : 45.97940122824975,
    "sentKBytesPerSec" : 155.93014329580348
  }
}